Date,SGD,CNY
2-Jan-18,3.0231,0.6204
3-Jan-18,3.0258,0.6195
4-Jan-18,3.0192,0.6177
5-Jan-18,3.0141,0.6158
8-Jan-18,3.0057,0.6145
9-Jan-18,3.0038,0.6155
10-Jan-18,3.0023,0.6141
11-Jan-18,3.0006,0.6145
12-Jan-18,2.9886,0.6111
15-Jan-18,2.9914,0.6129
16-Jan-18,2.9918,0.6148
17-Jan-18,2.987,0.6111
18-Jan-18,2.9879,0.6157
19-Jan-18,2.9821,0.6134
22-Jan-18,2.9804,0.6144
23-Jan-18,2.9784,0.6129
24-Jan-18,2.9753,0.6114
25-Jan-18,2.9813,0.6119
26-Jan-18,2.9666,0.6139
29-Jan-18,2.9574,0.6115
30-Jan-18,2.9678,0.6137
2-Feb-18,2.9647,0.616
5-Feb-18,2.9505,0.6178
6-Feb-18,2.9573,0.621
7-Feb-18,2.9561,0.6202
8-Feb-18,2.9546,0.6242
9-Feb-18,2.9545,0.6216
12-Feb-18,2.9611,0.6241
13-Feb-18,2.9693,0.6215
14-Feb-18,2.9732,0.6195
15-Feb-18,2.9598,0.6128
19-Feb-18,2.9626,0.6117
20-Feb-18,2.9607,0.6124
21-Feb-18,2.9612,0.615
22-Feb-18,2.9532,0.616
23-Feb-18,2.9595,0.6144
26-Feb-18,2.9611,0.6167
27-Feb-18,2.9633,0.6166
28-Feb-18,2.962,0.6213
1-Mar-18,2.9591,0.6197
2-Mar-18,2.9597,0.6149
5-Mar-18,2.9506,0.6129
6-Mar-18,2.9603,0.614
7-Mar-18,2.9594,0.6179
8-Mar-18,2.9675,0.6166
9-Mar-18,2.9676,0.6163
12-Mar-18,2.9657,0.6158
13-Mar-18,2.9735,0.6163
14-Mar-18,2.9674,0.6153
15-Mar-18,2.983,0.6177
16-Mar-18,2.9837,0.6207
19-Mar-18,2.968,0.6172
20-Mar-18,2.9724,0.6175
21-Mar-18,2.9715,0.6188
22-Mar-18,2.9761,0.6173
23-Mar-18,2.974,0.6171
26-Mar-18,2.9785,0.6189
27-Mar-18,2.9696,0.6192
28-Mar-18,2.952,0.6147
29-Mar-18,2.9443,0.6134
30-Mar-18,2.9422,0.6133
2-Apr-18,2.9408,0.6134
3-Apr-18,2.946,0.6154
4-Apr-18,2.9448,0.6135
5-Apr-18,2.947,0.6134
6-Apr-18,2.9359,0.6131
9-Apr-18,2.9379,0.6123
10-Apr-18,2.9449,0.612
11-Apr-18,2.9504,0.6148
12-Apr-18,2.9587,0.617
13-Apr-18,2.9555,0.6159
16-Apr-18,2.9548,0.6176
17-Apr-18,2.9661,0.6188
18-Apr-18,2.9653,0.6186
19-Apr-18,2.966,0.6193
20-Apr-18,2.9629,0.6193
23-Apr-18,2.9588,0.6187
24-Apr-18,2.9445,0.618
25-Apr-18,2.9512,0.6189
26-Apr-18,2.9478,0.6185
27-Apr-18,2.9513,0.6182
30-Apr-18,2.9561,0.6178
2-May-18,2.9402,0.6195
3-May-18,2.947,0.6185
4-May-18,2.9558,0.6192
7-May-18,2.9537,0.6184
8-May-18,2.9543,0.6192
14-May-18,2.989,0.6291
15-May-18,2.9554,0.6223
16-May-18,2.9462,0.6207
17-May-18,2.9574,0.6222
18-May-18,2.9599,0.6234
21-May-18,2.9554,0.6224
22-May-18,2.9621,0.6214
23-May-18,2.9638,0.6233
24-May-18,2.962,0.6229
25-May-18,2.9692,0.6238
28-May-18,2.969,0.6225
30-May-18,2.965,0.6216
31-May-18,2.9717,0.6199
1-Jun-18,2.9726,0.6205
4-Jun-18,2.9709,0.6189
5-Jun-18,2.973,0.6195
6-Jun-18,2.9751,0.6195
7-Jun-18,2.9822,0.6214
8-Jun-18,2.9824,0.6219
11-Jun-18,2.9843,0.621
12-Jun-18,2.9812,0.6226
13-Jun-18,2.9859,0.6233
14-Jun-18,2.9892,0.6237
18-Jun-18,2.9534,0.6204
19-Jun-18,2.9562,0.6203
20-Jun-18,2.9461,0.6162
21-Jun-18,2.9482,0.6186
22-Jun-18,2.9504,0.6166
25-Jun-18,2.9464,0.6161
26-Jun-18,2.9522,0.614
27-Jun-18,2.9508,0.611
28-Jun-18,2.9516,0.6106
29-Jun-18,2.9559,0.6099
2-Jul-18,2.958,0.6091
3-Jul-18,2.9489,0.6054
4-Jul-18,2.9649,0.6084
5-Jul-18,2.9592,0.6094
6-Jul-18,2.9618,0.6087
9-Jul-18,2.9722,0.607
10-Jul-18,2.9688,0.6073
11-Jul-18,2.9608,0.6078
12-Jul-18,2.9636,0.605
13-Jul-18,2.9622,0.6051
16-Jul-18,2.9639,0.6045
17-Jul-18,2.9654,0.6035
18-Jul-18,2.9694,0.6039
19-Jul-18,2.9692,0.6031
20-Jul-18,2.9642,0.5988
23-Jul-18,2.9746,0.5976
24-Jul-18,2.9737,0.5984
25-Jul-18,2.9763,0.5978
26-Jul-18,2.9793,0.5976
27-Jul-18,2.9821,0.5986
30-Jul-18,2.9813,0.5956
31-Jul-18,2.9807,0.5949
1-Aug-18,2.9814,0.5953
2-Aug-18,2.983,0.5952
3-Aug-18,2.9795,0.5955
6-Aug-18,2.9812,0.5962
7-Aug-18,2.9816,0.595
8-Aug-18,2.9859,0.5959
9-Aug-18,2.9882,0.596
10-Aug-18,2.9833,0.5976
13-Aug-18,2.9716,0.5969
14-Aug-18,2.9743,0.5937
15-Aug-18,2.9712,0.5948
16-Aug-18,2.9731,0.5914
17-Aug-18,2.982,0.5959
20-Aug-18,2.9879,0.5954
21-Aug-18,2.9922,0.5966
23-Aug-18,2.9928,0.599
24-Aug-18,2.9909,0.597
27-Aug-18,2.9987,0.6008
28-Aug-18,3.0054,0.6006
29-Aug-18,3.0062,0.6029
30-Aug-18,3.0078,0.6017
3-Sep-18,2.9993,0.6027
4-Sep-18,3.0078,0.6055
5-Sep-18,3.007,0.6048
6-Sep-18,3.0124,0.6062
7-Sep-18,3.0121,0.6057
12-Sep-18,3.0147,0.6036
13-Sep-18,3.017,0.603
14-Sep-18,3.0193,0.6042
18-Sep-18,3.0156,0.6041
19-Sep-18,3.0209,0.6034
20-Sep-18,3.0226,0.6041
21-Sep-18,3.0283,0.6031
24-Sep-18,3.0262,0.6025
25-Sep-18,3.0241,0.6022
26-Sep-18,3.0269,0.6019
27-Sep-18,3.0308,0.6014
28-Sep-18,3.0283,0.6011
1-Oct-18,3.0244,0.6019
2-Oct-18,3.0162,0.6026
3-Oct-18,3.0108,0.6024
4-Oct-18,3.0012,0.6034
5-Oct-18,2.9993,0.6031
8-Oct-18,2.9977,0.6037
9-Oct-18,3.0015,0.5993
10-Oct-18,3.0078,0.5995
11-Oct-18,3.0063,0.5999
12-Oct-18,3.0201,0.6025
15-Oct-18,3.0133,0.6
16-Oct-18,3.0175,0.5997
17-Oct-18,3.0197,0.6001
18-Oct-18,3.0147,0.5995
19-Oct-18,3.0104,0.5991
22-Oct-18,3.0163,0.6
23-Oct-18,3.0122,0.5985
24-Oct-18,3.0184,0.5995
25-Oct-18,3.0164,0.5998
26-Oct-18,3.0181,0.6001
29-Oct-18,3.022,0.6011
30-Oct-18,3.0178,0.5999
31-Oct-18,3.0184,0.6002
1-Nov-18,3.0217,0.5995
2-Nov-18,3.0298,0.6024
5-Nov-18,3.0295,0.6037
7-Nov-18,3.0369,0.6019
8-Nov-18,3.0391,0.6022
9-Nov-18,3.0339,0.6016
12-Nov-18,3.0318,0.6007
13-Nov-18,3.0279,0.6021
14-Nov-18,3.0355,0.6015
15-Nov-18,3.0433,0.6032
16-Nov-18,3.0421,0.603
19-Nov-18,3.0472,0.6031
21-Nov-18,3.0489,0.604
22-Nov-18,3.0502,0.6047
23-Nov-18,3.0554,0.605
26-Nov-18,3.0482,0.6035
27-Nov-18,3.0473,0.6036
28-Nov-18,3.0401,0.6027
29-Nov-18,3.0525,0.603
30-Nov-18,3.0528,0.6023
3-Dec-18,3.048,0.5996
4-Dec-18,3.0438,0.6045
5-Dec-18,3.0403,0.6073
6-Dec-18,3.0357,0.6058
7-Dec-18,3.0381,0.6045
10-Dec-18,3.0377,0.6055
11-Dec-18,3.0377,0.6037
12-Dec-18,3.0446,0.6054
13-Dec-18,3.0462,0.6074
14-Dec-18,3.046,0.6073
17-Dec-18,3.04,0.6055
18-Dec-18,3.0434,0.6055
19-Dec-18,3.0485,0.6057
20-Dec-18,3.0446,0.6063
21-Dec-18,3.0487,0.6067
24-Dec-18,3.0438,0.6051
26-Dec-18,3.0417,0.6061
27-Dec-18,3.0418,0.6061
28-Dec-18,3.0347,0.6057
31-Dec-18,3.0343,0.602
2-Jan-19,3.0298,0.6006
3-Jan-19,3.033,0.6041
4-Jan-19,3.0335,0.602
7-Jan-19,3.0312,0.5995
8-Jan-19,3.0296,0.5998
9-Jan-19,3.0291,0.5999
10-Jan-19,3.0309,0.6014
11-Jan-19,3.0286,0.6031
14-Jan-19,3.0268,0.6052
15-Jan-19,3.0273,0.6049
16-Jan-19,3.0306,0.6075
17-Jan-19,3.0302,0.6072
18-Jan-19,3.0308,0.606
22-Jan-19,3.0305,0.6055
23-Jan-19,3.0359,0.6066
24-Jan-19,3.0426,0.608
25-Jan-19,3.0468,0.61
28-Jan-19,3.0333,0.6082
29-Jan-19,3.0363,0.6095
30-Jan-19,3.0389,0.6099
31-Jan-19,3.0335,0.6082
4-Feb-19,3.0322,0.6074
7-Feb-19,3.0209,0.6072
8-Feb-19,3.0006,0.6037
11-Feb-19,2.9954,0.6022
12-Feb-19,2.993,0.5998
13-Feb-19,2.9956,0.6
14-Feb-19,2.9899,0.6012
15-Feb-19,2.9974,0.6012
18-Feb-19,3.0027,0.6008
19-Feb-19,3.009,0.6036
20-Feb-19,3.0079,0.602
21-Feb-19,3.0075,0.6045
22-Feb-19,3.0104,0.6067
25-Feb-19,3.0093,0.6047
26-Feb-19,3.0142,0.6077
27-Feb-19,3.0168,0.6066
28-Feb-19,3.0182,0.6082
1-Mar-19,3.0104,0.6079
4-Mar-19,3.0055,0.6067
5-Mar-19,3.0072,0.6073
6-Mar-19,3.0092,0.6084
7-Mar-19,3.0123,0.6089
8-Mar-19,3.0073,0.6097
11-Mar-19,3.0051,0.6078
12-Mar-19,3.0066,0.6061
13-Mar-19,3.0077,0.608
14-Mar-19,3.0185,0.609
15-Mar-19,3.0164,0.6082
18-Mar-19,3.0205,0.6088
19-Mar-19,3.0171,0.6072
20-Mar-19,3.012,0.607
21-Mar-19,3.011,0.6053
22-Mar-19,3.0083,0.6057
25-Mar-19,3.0042,0.6049
26-Mar-19,3.0115,0.6056
27-Mar-19,3.0129,0.6067
28-Mar-19,3.0047,0.6057
29-Mar-19,3.0077,0.6049
1-Apr-19,3.0096,0.607
2-Apr-19,3.0112,0.6081
3-Apr-19,3.0124,0.6068
4-Apr-19,3.0135,0.6073
5-Apr-19,3.012,0.6073
8-Apr-19,3.0171,0.6086
9-Apr-19,3.023,0.6096
10-Apr-19,3.0237,0.61
11-Apr-19,3.039,0.6119
12-Apr-19,3.0352,0.6126
15-Apr-19,3.035,0.6125
16-Apr-19,3.0384,0.6127
17-Apr-19,3.0507,0.6158
18-Apr-19,3.0599,0.6189
19-Apr-19,3.0523,0.6167
22-Apr-19,3.0485,0.6162
23-Apr-19,3.0456,0.6154
24-Apr-19,3.041,0.6135
25-Apr-19,3.0355,0.615
26-Apr-19,3.0318,0.6128
29-Apr-19,3.033,0.6137
30-Apr-19,3.0362,0.6135
2-May-19,3.0382,0.6137
3-May-19,3.0383,0.6147
6-May-19,3.0368,0.6157
7-May-19,3.0405,0.6125
8-May-19,3.0435,0.612
9-May-19,3.045,0.6117
10-May-19,3.044,0.608
13-May-19,3.049,0.6093
14-May-19,3.0436,0.6056
15-May-19,3.0453,0.6065
16-May-19,3.0467,0.6063
17-May-19,3.0371,0.6057
21-May-19,3.0366,0.6043
23-May-19,3.0356,0.6066
24-May-19,3.0364,0.606
27-May-19,3.0456,0.6065
28-May-19,3.0428,0.6068
29-May-19,3.0373,0.6061
30-May-19,3.0369,0.6063
31-May-19,3.039,0.6077
3-Jun-19,3.047,0.6059
4-Jun-19,3.0541,0.6047
7-Jun-19,3.0475,0.6016
10-Jun-19,3.044,0.6008
11-Jun-19,3.0462,0.6004
12-Jun-19,3.0492,0.6018
13-Jun-19,3.0455,0.6015
14-Jun-19,3.0454,0.6014
17-Jun-19,3.0448,0.6028
18-Jun-19,3.0471,0.6029
19-Jun-19,3.0518,0.6042
20-Jun-19,3.0543,0.6019
21-Jun-19,3.0578,0.6051
24-Jun-19,3.0594,0.6029
25-Jun-19,3.0592,0.6016
26-Jun-19,3.0605,0.6027
27-Jun-19,3.0609,0.6024
28-Jun-19,3.0599,0.6019
1-Jul-19,3.0486,0.6006
2-Jul-19,3.0517,0.604
3-Jul-19,3.0508,0.6017
4-Jul-19,3.0499,0.6009
5-Jul-19,3.0458,0.6012
8-Jul-19,3.0434,0.6008
9-Jul-19,3.0434,0.6015
10-Jul-19,3.0392,0.6006
11-Jul-19,3.0402,0.6004
12-Jul-19,3.0268,0.5982
15-Jul-19,3.0245,0.5968
16-Jul-19,3.0282,0.5972
17-Jul-19,3.026,0.5979
18-Jul-19,3.0201,0.5979
19-Jul-19,3.0276,0.5971
22-Jul-19,3.0198,0.5974
23-Jul-19,3.0195,0.5975
24-Jul-19,3.0151,0.5986
25-Jul-19,3.0158,0.5989
26-Jul-19,3.0105,0.5991
29-Jul-19,3.0069,0.5986
31-Jul-19,3.0088,0.5991
1-Aug-19,3.0099,0.6019
2-Aug-19,3.0171,0.6014
5-Aug-19,3.0188,0.5986
6-Aug-19,3.0216,0.5934
7-Aug-19,3.0312,0.5956
8-Aug-19,3.0259,0.593
9-Aug-19,3.0263,0.5936
13-Aug-19,3.0214,0.5938
14-Aug-19,3.0221,0.5938
15-Aug-19,3.0166,0.5965
16-Aug-19,3.0161,0.5956
19-Aug-19,3.0116,0.5927
20-Aug-19,3.0144,0.5929
21-Aug-19,3.0146,0.5915
22-Aug-19,3.016,0.591
23-Aug-19,3.0197,0.5907
26-Aug-19,3.0252,0.5923
27-Aug-19,3.0261,0.5875
28-Aug-19,3.0245,0.5866
29-Aug-19,3.0339,0.5876
30-Aug-19,3.0369,0.5903
3-Sep-19,3.0303,0.5884
4-Sep-19,3.0293,0.5867
5-Sep-19,3.0286,0.5865
6-Sep-19,3.023,0.5853
10-Sep-19,3.0189,0.5854
11-Sep-19,3.0215,0.5862
12-Sep-19,3.0271,0.586
13-Sep-19,3.0272,0.588
17-Sep-19,3.0315,0.59
18-Sep-19,3.0372,0.5886
19-Sep-19,3.0423,0.5913
20-Sep-19,3.0326,0.5891
23-Sep-19,3.0305,0.5884
24-Sep-19,3.0316,0.5866
25-Sep-19,3.0384,0.5876
26-Sep-19,3.0395,0.5879
27-Sep-19,3.03,0.5871
30-Sep-19,3.0295,0.5875
1-Oct-19,3.027,0.5855
2-Oct-19,3.0214,0.5854
3-Oct-19,3.0259,0.586
4-Oct-19,3.0317,0.585
7-Oct-19,3.0336,0.5857
8-Oct-19,3.0349,0.5865
9-Oct-19,3.035,0.587
10-Oct-19,3.0359,0.5881
11-Oct-19,3.0427,0.5879
14-Oct-19,3.0484,0.5896
15-Oct-19,3.0579,0.592
16-Oct-19,3.0557,0.5918
17-Oct-19,3.0569,0.5903
18-Oct-19,3.0637,0.5907
21-Oct-19,3.0673,0.5904
22-Oct-19,3.0715,0.5904
23-Oct-19,3.0739,0.592
24-Oct-19,3.0727,0.5922
25-Oct-19,3.0703,0.5921
29-Oct-19,3.0678,0.5914
30-Oct-19,3.0695,0.5921
31-Oct-19,3.068,0.5917
1-Nov-19,3.07,0.5932
4-Nov-19,3.0615,0.5905
5-Nov-19,3.0517,0.5898
6-Nov-19,3.0396,0.5893
7-Nov-19,3.0454,0.5919
8-Nov-19,3.036,0.5907
11-Nov-19,3.042,0.5914
12-Nov-19,3.0422,0.5902
13-Nov-19,3.045,0.5921
14-Nov-19,3.0475,0.5915
15-Nov-19,3.0473,0.5907
18-Nov-19,3.0492,0.592
19-Nov-19,3.0549,0.5918
20-Nov-19,3.0547,0.5917
21-Nov-19,3.0616,0.593
22-Nov-19,3.0583,0.5927
25-Nov-19,3.0604,0.5929
26-Nov-19,3.0592,0.5935
27-Nov-19,3.061,0.5939
28-Nov-19,3.053,0.5933
29-Nov-19,3.0527,0.5927
2-Dec-19,3.0535,0.5937
3-Dec-19,3.0526,0.5926
4-Dec-19,3.0612,0.5915
5-Dec-19,3.0594,0.5914
6-Dec-19,3.0588,0.5909
9-Dec-19,3.0566,0.5913
10-Dec-19,3.0567,0.5907
11-Dec-19,3.0589,0.591
12-Dec-19,3.0604,0.5898
13-Dec-19,3.0602,0.5921
16-Dec-19,3.056,0.5918
17-Dec-19,3.0535,0.5919
18-Dec-19,3.055,0.5918
19-Dec-19,3.0531,0.5906
20-Dec-19,3.0538,0.5903
23-Dec-19,3.0524,0.5907
24-Dec-19,3.0528,0.5902
26-Dec-19,3.0528,0.5917
27-Dec-19,3.0495,0.59
30-Dec-19,3.047,0.5886
31-Dec-19,3.0392,0.5865
2-Jan-20,3.0385,0.5867
3-Jan-20,3.0347,0.587
6-Jan-20,3.0377,0.5886
7-Jan-20,3.0379,0.5875
8-Jan-20,3.0399,0.5917
9-Jan-20,3.029,0.5887
10-Jan-20,3.0248,0.5897
13-Jan-20,3.0149,0.5874
14-Jan-20,3.012,0.5881
15-Jan-20,3.0277,0.5928
16-Jan-20,3.0183,0.5895
17-Jan-20,3.0163,0.5903
20-Jan-20,3.0086,0.5911
21-Jan-20,3.0115,0.5909
22-Jan-20,3.0195,0.5906
23-Jan-20,3.0124,0.5883
24-Jan-20,3.0125,0.5866
28-Jan-20,3.0001,0.5874
29-Jan-20,3.0041,0.5879
30-Jan-20,2.9942,0.5889
31-Jan-20,3,0.5888
3-Feb-20,3.0043,0.5913
4-Feb-20,3.0031,0.5867
5-Feb-20,2.9953,0.5874
6-Feb-20,2.9745,0.5906
7-Feb-20,2.9771,0.5922
10-Feb-20,2.9793,0.5921
11-Feb-20,2.9812,0.5926
12-Feb-20,2.9775,0.5929
13-Feb-20,2.9819,0.5939
14-Feb-20,2.9791,0.5937
17-Feb-20,2.9726,0.592
18-Feb-20,2.9819,0.5938
19-Feb-20,2.9831,0.5933
20-Feb-20,2.9886,0.5956
21-Feb-20,2.9894,0.5961
24-Feb-20,3.0063,0.5996
25-Feb-20,3.0167,0.5998
26-Feb-20,3.0231,0.6038
27-Feb-20,3.0151,0.5998
28-Feb-20,3.0148,0.6003
2-Mar-20,3.0238,0.602
3-Mar-20,3.022,0.6031
4-Mar-20,3.0159,0.6
5-Mar-20,3.0108,0.6019
6-Mar-20,3.016,0.6015
9-Mar-20,3.0482,0.6052
10-Mar-20,3.0541,0.6092
11-Mar-20,3.0507,0.6101
12-Mar-20,3.0372,0.6091
13-Mar-20,3.0267,0.6088
16-Mar-20,3.0269,0.6117
17-Mar-20,3.0356,0.616
18-Mar-20,3.0481,0.621
19-Mar-20,3.0276,0.6214
20-Mar-20,3.0394,0.6213
23-Mar-20,3.0232,0.6214
24-Mar-20,3.0448,0.6251
25-Mar-20,3.056,0.627
26-Mar-20,3.0242,0.6152
27-Mar-20,3.0005,0.6077
30-Mar-20,3.029,0.61
31-Mar-20,3.0316,0.6083
1-Apr-20,3.0105,0.6042
2-Apr-20,3.0469,0.6161
3-Apr-20,3.0458,0.6159
6-Apr-20,3.0313,0.615
7-Apr-20,3.0318,0.6117
8-Apr-20,3.051,0.6178
9-Apr-20,3.038,0.6124
10-Apr-20,3.045,0.6128
13-Apr-20,3.0421,0.6122
14-Apr-20,3.0486,0.6116
15-Apr-20,3.0583,0.6129
16-Apr-20,3.0538,0.6169
17-Apr-20,3.0585,0.615
20-Apr-20,3.0686,0.6177
21-Apr-20,3.076,0.6188
22-Apr-20,3.0667,0.619
23-Apr-20,3.0513,0.6154
24-Apr-20,3.0592,0.6174
27-Apr-20,3.0608,0.6152
28-Apr-20,3.068,0.6141
29-Apr-20,3.0751,0.615
30-Apr-20,3.0657,0.6117
4-May-20,3.0568,0.6144
5-May-20,3.0449,0.6101
6-May-20,3.0369,0.6096
8-May-20,3.0424,0.6061
12-May-20,3.0596,0.6119
13-May-20,3.0588,0.6119
14-May-20,3.0543,0.6111
15-May-20,3.0501,0.6118
18-May-20,3.0527,0.6131
19-May-20,3.0607,0.6101
20-May-20,3.0683,0.6119
21-May-20,3.0715,0.6125
22-May-20,3.066,0.6112
27-May-20,3.0648,0.6089
28-May-20,3.0632,0.606
29-May-20,3.0658,0.6082
1-Jun-20,3.0757,0.6074
2-Jun-20,3.0493,0.6016
3-Jun-20,3.0405,0.5983
4-Jun-20,3.0489,0.5987
5-Jun-20,3.0503,0.5995
9-Jun-20,3.0539,0.5995
10-Jun-20,3.0708,0.6031
11-Jun-20,3.0641,0.6
12-Jun-20,3.0663,0.6054
15-Jun-20,3.0624,0.603
16-Jun-20,3.0783,0.603
17-Jun-20,3.0629,0.6025
18-Jun-20,3.0665,0.6032
19-Jun-20,3.0664,0.6032
22-Jun-20,3.0571,0.6043
23-Jun-20,3.0676,0.6042
24-Jun-20,3.0728,0.6048
25-Jun-20,3.0705,0.604
26-Jun-20,3.0729,0.604
29-Jun-20,3.0797,0.606
30-Jun-20,3.0717,0.6046
1-Jul-20,3.0696,0.6057
2-Jul-20,3.0751,0.6062
3-Jul-20,3.0689,0.606
6-Jul-20,3.0718,0.6056
7-Jul-20,3.0697,0.6081
8-Jul-20,3.0655,0.6101
9-Jul-20,3.061,0.6081
10-Jul-20,3.0619,0.6099
13-Jul-20,3.0762,0.6103
14-Jul-20,3.0661,0.6098
15-Jul-20,3.0645,0.6082
16-Jul-20,3.0659,0.6099
17-Jul-20,3.0639,0.6101
20-Jul-20,3.0658,0.6096
21-Jul-20,3.0629,0.6092
22-Jul-20,3.0714,0.609
23-Jul-20,3.0662,0.607
24-Jul-20,3.074,0.6074
27-Jul-20,3.0864,0.6073
28-Jul-20,3.0814,0.6066
29-Jul-20,3.0797,0.6064
30-Jul-20,3.0853,0.6057
3-Aug-20,3.0803,0.6078
4-Aug-20,3.066,0.6046
5-Aug-20,3.0681,0.6037
6-Aug-20,3.0564,0.6029
7-Aug-20,3.0548,0.6013
10-Aug-20,3.0548,0.6017
11-Aug-20,3.0556,0.6036
12-Aug-20,3.0529,0.6035
13-Aug-20,3.0499,0.6029
14-Aug-20,3.054,0.6038
17-Aug-20,3.0547,0.6021
18-Aug-20,3.0624,0.6037
19-Aug-20,3.0617,0.6036
21-Aug-20,3.0553,0.6036
24-Aug-20,3.0462,0.604
25-Aug-20,3.0457,0.6028
26-Aug-20,3.0457,0.6028
27-Aug-20,3.0516,0.6051
28-Aug-20,3.0518,0.6048
1-Sep-20,3.0552,0.6068
2-Sep-20,3.0456,0.6071
3-Sep-20,3.0364,0.6055
4-Sep-20,3.0349,0.6048
7-Sep-20,3.0374,0.6059
8-Sep-20,3.0409,0.609
9-Sep-20,3.0416,0.6088
10-Sep-20,3.0443,0.6087
11-Sep-20,3.0407,0.6091
14-Sep-20,3.0353,0.6074
15-Sep-20,3.0339,0.6077
17-Sep-20,3.0364,0.6114
18-Sep-20,3.0378,0.609
21-Sep-20,3.0304,0.6073
22-Sep-20,3.0316,0.6068
23-Sep-20,3.0235,0.6097
24-Sep-20,3.036,0.6116
25-Sep-20,3.0272,0.6099
28-Sep-20,3.0252,0.6103
29-Sep-20,3.0371,0.6115
30-Sep-20,3.0359,0.6094
1-Oct-20,3.0351,0.6103
2-Oct-20,3.0465,0.6119
5-Oct-20,3.0497,0.6121
6-Oct-20,3.0503,0.6104
7-Oct-20,3.0495,0.6118
8-Oct-20,3.0526,0.611
9-Oct-20,3.056,0.611
12-Oct-20,3.0532,0.618
13-Oct-20,3.0535,0.6151
14-Oct-20,3.0472,0.614
15-Oct-20,3.0505,0.6167
16-Oct-20,3.0528,0.6173
19-Oct-20,3.0541,0.6189
20-Oct-20,3.0502,0.6194
21-Oct-20,3.0517,0.6199
22-Oct-20,3.0563,0.623
23-Oct-20,3.0524,0.6197
26-Oct-20,3.0572,0.6207
27-Oct-20,3.0612,0.62
28-Oct-20,3.0598,0.621
30-Oct-20,3.0416,0.619
2-Nov-20,3.0379,0.6211
3-Nov-20,3.0407,0.6201
3-Nov-20,3.0407,0.6201
4-Nov-20,3.0441,0.6217
5-Nov-20,3.0545,0.6229
6-Nov-20,3.0584,0.6228
9-Nov-20,3.0584,0.6228
10-Nov-20,3.0505,0.6198
11-Nov-20,3.0536,0.6221
12-Nov-20,3.0603,0.6226
13-Nov-20,3.0633,0.6248
16-Nov-20,3.0558,0.6226
17-Nov-20,3.0498,0.6228
18-Nov-20,3.0524,0.6252
19-Nov-20,3.0461,0.6237
20-Nov-20,3.0418,0.6208
23-Nov-20,3.0426,0.6222
24-Nov-20,3.0434,0.6209
25-Nov-20,3.0415,0.6191
26-Nov-20,3.0496,0.6204
27-Nov-20,3.0376,0.6184
30-Nov-20,3.039,0.6178
1-Dec-20,3.0419,0.619
2-Dec-20,3.0426,0.6188
3-Dec-20,3.0401,0.6202
4-Dec-20,3.0447,0.6206
7-Dec-20,3.0596,0.625
8-Dec-20,3.042,0.6231
9-Dec-20,3.0413,0.6224
10-Dec-20,3.0396,0.6211
11-Dec-20,3.0364,0.619
11-Dec-20,3.0364,0.619
14-Dec-20,3.0287,0.6181
14-Dec-20,3.0287,0.6181
15-Dec-20,3.0389,0.6184
15-Dec-20,3.0389,0.6184
16-Dec-20,3.036,0.6188
17-Dec-20,3.0467,0.6198
18-Dec-20,3.0412,0.6175
21-Dec-20,3.0371,0.6181
22-Dec-20,3.0344,0.6176
23-Dec-20,3.0378,0.6204
24-Dec-20,3.0476,0.6201
28-Dec-20,3.0509,0.6198
29-Dec-20,3.045,0.6192
30-Dec-20,3.0485,0.6193
31-Dec-20,3.0447,0.6169
4-Jan-21,3.0363,0.6142
5-Jan-21,3.0399,0.6208
6-Jan-21,3.0433,0.6207
7-Jan-21,3.0459,0.6208
8-Jan-21,3.045,0.6232
11-Jan-21,3.0396,0.6237
12-Jan-21,3.046,0.6253
13-Jan-21,3.0562,0.6253
14-Jan-21,3.0478,0.6249
15-Jan-21,3.0442,0.6228
18-Jan-21,3.0382,0.6241
19-Jan-21,3.0418,0.6228
20-Jan-21,3.0471,0.6244
21-Jan-21,3.0474,0.6246
22-Jan-21,3.0445,0.6234
25-Jan-21,3.0461,0.6238
26-Jan-21,3.0425,0.6235
27-Jan-21,3.0491,0.6247
29-Jan-21,3.0422,0.6276
2-Feb-21,3.0352,0.6253
3-Feb-21,3.0363,0.6262
4-Feb-21,3.0349,0.6262
5-Feb-21,3.038,0.6278
8-Feb-21,3.0404,0.6276
9-Feb-21,3.0444,0.6288
10-Feb-21,3.0487,0.6285
11-Feb-21,3.0473,0.6263
15-Feb-21,3.0491,0.6252
16-Feb-21,3.0477,0.6236
17-Feb-21,3.0432,0.6259
18-Feb-21,3.0398,0.6244
19-Feb-21,3.0456,0.6225
22-Feb-21,3.0493,0.6248
23-Feb-21,3.057,0.6244
24-Feb-21,3.0615,0.6244
25-Feb-21,3.0629,0.6256
26-Feb-21,3.0519,0.6281
1-Mar-21,3.0458,0.6257
2-Mar-21,3.0484,0.6264
3-Mar-21,3.0461,0.6259
4-Mar-21,3.042,0.6264
5-Mar-21,3.0406,0.6287
8-Mar-21,3.0372,0.6272
9-Mar-21,3.049,0.6309
10-Mar-21,3.0595,0.6323
11-Mar-21,3.0628,0.6329
12-Mar-21,3.0647,0.6324
15-Mar-21,3.0584,0.6319
16-Mar-21,3.0544,0.6325
17-Mar-21,3.0544,0.6321
18-Mar-21,3.0673,0.6316
19-Mar-21,3.0619,0.6333
22-Mar-21,3.0594,0.6317
23-Mar-21,3.0664,0.6318
24-Mar-21,3.0694,0.6342
25-Mar-21,3.0706,0.6333
26-Mar-21,3.0748,0.6332
29-Mar-21,3.0786,0.6338
30-Mar-21,3.0709,0.6303
31-Mar-21,3.0811,0.6314
1-Apr-21,3.0808,0.6322
2-Apr-21,3.0776,0.6303
5-Apr-21,3.0754,0.6299
6-Apr-21,3.0825,0.6291
7-Apr-21,3.0786,0.6301
8-Apr-21,3.0824,0.6319
9-Apr-21,3.0837,0.6304
12-Apr-21,3.079,0.6306
13-Apr-21,3.082,0.6306
14-Apr-21,3.0834,0.6307
15-Apr-21,3.0876,0.6312
16-Apr-21,3.0901,0.6328
19-Apr-21,3.0921,0.6328
20-Apr-21,3.0976,0.6324
21-Apr-21,3.0972,0.6335
22-Apr-21,3.0977,0.6338
23-Apr-21,3.0929,0.6336
26-Apr-21,3.093,0.6314
27-Apr-21,3.0911,0.6321
28-Apr-21,3.088,0.6323
30-Apr-21,3.0898,0.6331
3-May-21,3.0827,0.6331
4-May-21,3.0827,0.6333
5-May-21,3.0832,0.6359
6-May-21,3.0809,0.6359
7-May-21,3.0877,0.6365
10-May-21,3.0915,0.6372
11-May-21,3.0953,0.6404
12-May-21,3.104,0.6408
17-May-21,3.0973,0.6422
18-May-21,3.0904,0.6406
19-May-21,3.0974,0.6416
20-May-21,3.1042,0.6434
21-May-21,3.1099,0.6431
24-May-21,3.106,0.6433
25-May-21,3.1182,0.6448
27-May-21,3.1251,0.6481
28-May-21,3.1243,0.6485
31-May-21,3.1289,0.6503
1-Jun-21,3.1185,0.6464
2-Jun-21,3.1176,0.6459
3-Jun-21,3.1159,0.6455
4-Jun-21,3.1089,0.6448
8-Jun-21,3.1126,0.6436
9-Jun-21,3.1107,0.6434
10-Jun-21,3.1072,0.6444
11-Jun-21,3.1085,0.6436
14-Jun-21,3.0992,0.6424
15-Jun-21,3.098,0.6423
16-Jun-21,3.1009,0.6426
17-Jun-21,3.0944,0.6463
18-Jun-21,3.0829,0.642
21-Jun-21,3.0779,0.6416
22-Jun-21,3.08,0.6404
23-Jun-21,3.0871,0.6403
24-Jun-21,3.0914,0.6428
25-Jun-21,3.0964,0.6427
28-Jun-21,3.0888,0.6423
29-Jun-21,3.0857,0.6421
30-Jun-21,3.0858,0.6423
1-Jul-21,3.0857,0.6431
2-Jul-21,3.082,0.6431
5-Jul-21,3.0818,0.6415
6-Jul-21,3.089,0.6428
7-Jul-21,3.0848,0.6414
8-Jul-21,3.087,0.644
9-Jul-21,3.0905,0.6445
12-Jul-21,3.0958,0.6458
13-Jul-21,3.1005,0.647
14-Jul-21,3.0949,0.6488
15-Jul-21,3.0987,0.6486
16-Jul-21,3.0987,0.6495
19-Jul-21,3.0988,0.6497
21-Jul-21,3.0925,0.6515
22-Jul-21,3.0973,0.6532
23-Jul-21,3.108,0.6523
26-Jul-21,3.1032,0.652
27-Jul-21,3.1119,0.6517
28-Jul-21,3.1118,0.6499
29-Jul-21,3.1149,0.651
30-Jul-21,3.1273,0.6559
2-Aug-21,3.1186,0.6536
3-Aug-21,3.1202,0.6532
4-Aug-21,3.1276,0.6532
5-Aug-21,3.1223,0.6527
6-Aug-21,3.1174,0.6523
9-Aug-21,3.1136,0.6511
11-Aug-21,3.1146,0.6533
12-Aug-21,3.1213,0.6535
13-Aug-21,3.1186,0.6536
16-Aug-21,3.128,0.6545
17-Aug-21,3.1225,0.6542
18-Aug-21,3.1128,0.6536
19-Aug-21,3.1095,0.6533
20-Aug-21,3.1051,0.6521
23-Aug-21,3.1086,0.6511
24-Aug-21,3.1099,0.6511
25-Aug-21,3.1096,0.6508
26-Aug-21,3.1012,0.6477
27-Aug-21,3.0999,0.6479
30-Aug-21,3.1011,0.645
1-Sep-21,3.0824,0.6419
2-Sep-21,3.0832,0.6417
3-Sep-21,3.0914,0.6425
6-Sep-21,3.085,0.6417
7-Sep-21,3.0872,0.6411
8-Sep-21,3.0878,0.6425
9-Sep-21,3.0824,0.6425
10-Sep-21,3.0866,0.6417
13-Sep-21,3.0843,0.6424
14-Sep-21,3.0878,0.6424
15-Sep-21,3.0979,0.6464
17-Sep-21,3.0991,0.6461
20-Sep-21,3.0983,0.647
21-Sep-21,3.0967,0.6476
22-Sep-21,3.0931,0.6475
23-Sep-21,3.094,0.6483
24-Sep-21,3.0953,0.6464
27-Sep-21,3.0938,0.6471
28-Sep-21,3.0846,0.6473
29-Sep-21,3.0827,0.648
30-Sep-21,3.0746,0.6469
1-Oct-21,3.0766,0.6487
4-Oct-21,3.0749,0.6472
5-Oct-21,3.0726,0.6474
6-Oct-21,3.0779,0.6479
7-Oct-21,3.075,0.6479
8-Oct-21,3.0775,0.6483
11-Oct-21,3.0795,0.6463
12-Oct-21,3.0756,0.6469
13-Oct-21,3.0704,0.6458
14-Oct-21,3.0759,0.6454
15-Oct-21,3.081,0.645
18-Oct-21,3.0804,0.6458
20-Oct-21,3.0879,0.6509
21-Oct-21,3.0933,0.6494
22-Oct-21,3.0868,0.6501
25-Oct-21,3.0819,0.6502
26-Oct-21,3.0799,0.6498
27-Oct-21,3.0753,0.6491
28-Oct-21,3.0775,0.6497
29-Oct-21,3.0824,0.6483
1-Nov-21,3.0715,0.647
2-Nov-21,3.0756,0.6481
3-Nov-21,3.0778,0.6487
5-Nov-21,3.0765,0.6497
8-Nov-21,3.0733,0.6488
9-Nov-21,3.0784,0.6489
10-Nov-21,3.0783,0.6487
11-Nov-21,3.0734,0.6508
12-Nov-21,3.074,0.6517
15-Nov-21,3.0782,0.6523
16-Nov-21,3.0762,0.6521
17-Nov-21,3.074,0.6525
18-Nov-21,3.0779,0.6544
19-Nov-21,3.0789,0.6541
22-Nov-21,3.0724,0.6554
23-Nov-21,3.0669,0.6554
24-Nov-21,3.0742,0.657
25-Nov-21,3.0797,0.659
26-Nov-21,3.092,0.6627
29-Nov-21,3.0912,0.6624
30-Nov-21,3.0954,0.663
1-Dec-21,3.0784,0.6602
2-Dec-21,3.0874,0.6623
3-Dec-21,3.0896,0.6637
6-Dec-21,3.0847,0.6633
7-Dec-21,3.0868,0.663
8-Dec-21,3.0915,0.663
9-Dec-21,3.094,0.6641
10-Dec-21,3.09,0.6616
13-Dec-21,3.0848,0.6604
14-Dec-21,3.0896,0.6638
15-Dec-21,3.0898,0.6647
16-Dec-21,3.0909,0.6635
17-Dec-21,3.0884,0.6613
20-Dec-21,3.0924,0.6629
21-Dec-21,3.089,0.6623
22-Dec-21,3.0815,0.6599
23-Dec-21,3.0883,0.6603
24-Dec-21,3.0892,0.6586
27-Dec-21,3.0902,0.6588
28-Dec-21,3.084,0.6562
29-Dec-21,3.0865,0.6563
30-Dec-21,3.0854,0.6544
31-Dec-21,3.0853,0.6542
3-Jan-22,3.0918,0.6555
4-Jan-22,3.0866,0.6571
5-Jan-22,3.0891,0.6575
6-Jan-22,3.0922,0.6594
7-Jan-22,3.0946,0.66
10-Jan-22,3.0951,0.658
11-Jan-22,3.0967,0.6582
12-Jan-22,3.0917,0.6551
13-Jan-22,3.0981,0.6562
14-Jan-22,3.1057,0.6572
17-Jan-22,3.103,0.6587
19-Jan-22,3.1029,0.6598
20-Jan-22,3.1062,0.6595
21-Jan-22,3.1088,0.6609
24-Jan-22,3.1103,0.66
25-Jan-22,3.1144,0.6612
26-Jan-22,3.1157,0.6621
27-Jan-22,3.1138,0.6651
28-Jan-22,3.1009,0.6586
31-Jan-22,3.0856,0.6579
3-Feb-22,3.0975,0.6564
4-Feb-22,3.1099,0.6571
7-Feb-22,3.1083,0.6604
8-Feb-22,3.112,0.6567
9-Feb-22,3.1095,0.6571
10-Feb-22,3.1168,0.6575
11-Feb-22,3.1102,0.6588
14-Feb-22,3.112,0.6593
15-Feb-22,3.1072,0.6583
16-Feb-22,3.11,0.6598
17-Feb-22,3.1139,0.6595
18-Feb-22,3.1151,0.6602
21-Feb-22,3.1113,0.6617
22-Feb-22,3.1057,0.6602
23-Feb-22,3.1083,0.6608
24-Feb-22,3.1057,0.663
25-Feb-22,3.0974,0.6629
28-Feb-22,3.0906,0.6644
1-Mar-22,3.0899,0.6643
2-Mar-22,3.0886,0.6644
3-Mar-22,3.0888,0.6627
4-Mar-22,3.0787,0.6626
7-Mar-22,3.0634,0.6608
8-Mar-22,3.0655,0.6613
9-Mar-22,3.0632,0.6614
10-Mar-22,3.0769,0.6621
11-Mar-22,3.0794,0.6622
14-Mar-22,3.0746,0.6614
15-Mar-22,3.0764,0.6602
16-Mar-22,3.0746,0.6595
17-Mar-22,3.0788,0.6581
18-Mar-22,3.097,0.6605
21-Mar-22,3.0937,0.6594
22-Mar-22,3.0956,0.6623
23-Mar-22,3.1013,0.6612
24-Mar-22,3.117,0.6641
25-Mar-22,3.1089,0.6626
28-Mar-22,3.0943,0.6608
29-Mar-22,3.0991,0.6622
30-Mar-22,3.1016,0.6606
31-Mar-22,3.1052,0.6618
1-Apr-22,3.1029,0.664
4-Apr-22,3.1048,0.6619
5-Apr-22,3.109,0.6628
6-Apr-22,3.0974,0.6624
7-Apr-22,3.1011,0.6626
8-Apr-22,3.0965,0.6629
11-Apr-22,3.0967,0.6635
12-Apr-22,3.1025,0.665
13-Apr-22,3.0984,0.6642
14-Apr-22,3.1104,0.6629
15-Apr-22,3.1168,0.6632
18-Apr-22,3.1154,0.665
20-Apr-22,3.1235,0.6685
21-Apr-22,3.1383,0.6675
22-Apr-22,3.1536,0.6672
25-Apr-22,3.1577,0.6663
26-Apr-22,3.1666,0.6629
27-Apr-22,3.1578,0.6642
28-Apr-22,3.1509,0.6639
29-Apr-22,3.1476,0.6579
5-May-22,3.1553,0.6561
6-May-22,3.1486,0.6553
9-May-22,3.1467,0.6558
10-May-22,3.1471,0.6509
11-May-22,3.1493,0.6506
12-May-22,3.1531,0.6517
13-May-22,3.1449,0.6467
17-May-22,3.1563,0.6468
18-May-22,3.1658,0.6504
19-May-22,3.1681,0.652
20-May-22,3.1815,0.6542
23-May-22,3.1841,0.6554
24-May-22,3.1909,0.6601
25-May-22,3.1957,0.6594
26-May-22,3.1967,0.6561
27-May-22,3.1969,0.6514
30-May-22,3.195,0.6528
31-May-22,3.1907,0.6562
1-Jun-22,3.1935,0.6558
2-Jun-22,3.1915,0.6562
3-Jun-22,3.194,0.6571
7-Jun-22,3.1876,0.6605
8-Jun-22,3.1933,0.6583
9-Jun-22,3.1895,0.657
10-Jun-22,3.1825,0.657
13-Jun-22,3.1688,0.6571
14-Jun-22,3.1724,0.6544
14-Jun-22,3.1724,0.6544
15-Jun-22,3.1723,0.6554
16-Jun-22,3.1681,0.6546
17-Jun-22,3.1728,0.6556
20-Jun-22,3.1673,0.655
21-Jun-22,3.1697,0.6568
22-Jun-22,3.1697,0.6573
23-Jun-22,3.1726,0.6565
24-Jun-22,3.1641,0.657
27-Jun-22,3.1723,0.6574
28-Jun-22,3.1717,0.6566
29-Jun-22,3.1679,0.6555
30-Jun-22,3.1596,0.657
4-Jul-22,3.1553,0.6575
5-Jul-22,3.1587,0.6586
6-Jul-22,3.1487,0.658
7-Jul-22,3.1499,0.6594
8-Jul-22,3.1622,0.6598
12-Jul-22,3.151,0.6595
13-Jul-22,3.1506,0.6595
14-Jul-22,3.1762,0.6597
15-Jul-22,3.1662,0.6577
15-Jul-22,3.1662,0.6577
18-Jul-22,3.1772,0.6573
19-Jul-22,3.1841,0.6602
20-Jul-22,3.1955,0.6589
21-Jul-22,3.1963,0.6592
22-Jul-22,3.1992,0.6577
25-Jul-22,3.2015,0.6591
26-Jul-22,3.2133,0.6597
27-Jul-22,3.2076,0.6585
28-Jul-22,3.2177,0.6584
29-Jul-22,3.2215,0.659
1-Aug-22,3.2204,0.6594
2-Aug-22,3.2333,0.6574
3-Aug-22,3.2204,0.6598
4-Aug-22,3.2261,0.6588
5-Aug-22,3.236,0.66
8-Aug-22,3.2241,0.6592
9-Aug-22,3.2301,0.6599
10-Aug-22,3.2285,0.6596
11-Aug-22,3.238,0.6601
12-Aug-22,3.2433,0.659
15-Aug-22,3.2419,0.6589
16-Aug-22,3.239,0.659
17-Aug-22,3.2369,0.6572
18-Aug-22,3.2325,0.6586
19-Aug-22,3.2274,0.6598
22-Aug-22,3.2132,0.6576
23-Aug-22,3.2105,0.6551
24-Aug-22,3.2143,0.6557
25-Aug-22,3.2173,0.6531
26-Aug-22,3.2159,0.6528
29-Aug-22,3.2016,0.6518
30-Aug-22,3.2122,0.6488
1-Sep-22,3.2026,0.6505
2-Sep-22,3.1989,0.649
5-Sep-22,3.1958,0.65
6-Sep-22,3.2013,0.6467
7-Sep-22,3.1963,0.6471
8-Sep-22,3.1969,0.6456
9-Sep-22,3.2041,0.6459
12-Sep-22,3.2138,0.649
13-Sep-22,3.225,0.6497
14-Sep-22,3.2141,0.6526
15-Sep-22,3.22,0.6502
19-Sep-22,3.2234,0.6497
20-Sep-22,3.2292,0.6488
21-Sep-22,3.2353,0.6502
22-Sep-22,3.2155,0.6477
23-Sep-22,3.2203,0.6451
26-Sep-22,3.193,0.6433
27-Sep-22,3.2077,0.6451
28-Sep-22,3.2026,0.6426
29-Sep-22,3.2183,0.6422
30-Sep-22,3.2352,0.65
3-Oct-22,3.2317,0.652
4-Oct-22,3.2442,0.6524
5-Oct-22,3.2551,0.6511
6-Oct-22,3.2537,0.6503
7-Oct-22,3.2501,0.6527
11-Oct-22,3.2463,0.6515
12-Oct-22,3.2451,0.6517
13-Oct-22,3.2662,0.6527
14-Oct-22,3.2959,0.6543
17-Oct-22,3.3002,0.6547
18-Oct-22,3.3164,0.6547
19-Oct-22,3.3214,0.6546
20-Oct-22,3.3139,0.6534
21-Oct-22,3.3218,0.6557
25-Oct-22,3.3354,0.6523
26-Oct-22,3.3333,0.6505
27-Oct-22,3.3466,0.6553
28-Oct-22,3.3485,0.6528
31-Oct-22,3.3466,0.6514
1-Nov-22,3.342,0.6477
2-Nov-22,3.3541,0.6512
3-Nov-22,3.3456,0.6503
4-Nov-22,3.3354,0.6493
7-Nov-22,3.3686,0.6599
8-Nov-22,3.3805,0.6547
9-Nov-22,3.3805,0.6528
10-Nov-22,3.3597,0.6502
11-Nov-22,3.35,0.6446
14-Nov-22,3.3581,0.6487
15-Nov-22,3.3435,0.6487
16-Nov-22,3.3052,0.6437
17-Nov-22,3.3139,0.6404
21-Nov-22,3.3246,0.6426
22-Nov-22,3.3114,0.6381
23-Nov-22,3.3179,0.6404
24-Nov-22,3.3048,0.6352
25-Nov-22,3.2493,0.6252
29-Nov-22,3.2618,0.6242
30-Nov-22,3.2768,0.629
1-Dec-22,3.2445,0.6207
2-Dec-22,3.2404,0.6231
5-Dec-22,3.2405,0.6232
6-Dec-22,3.2288,0.6286
7-Dec-22,3.2318,0.6277
8-Dec-22,3.2351,0.6295
9-Dec-22,3.2485,0.6303
12-Dec-22,3.2522,0.6334
13-Dec-22,3.2686,0.6342
14-Dec-22,3.27,0.6342
15-Dec-22,3.2645,0.6326
16-Dec-22,3.2526,0.6332
19-Dec-22,3.2572,0.6333
20-Dec-22,3.2643,0.6345
21-Dec-22,3.2793,0.6363
22-Dec-22,3.2817,0.6345
23-Dec-22,3.272,0.6341
27-Dec-22,3.2798,0.634
28-Dec-22,3.2898,0.6365
29-Dec-22,3.278,0.6338
30-Dec-22,3.2822,0.6332
3-Jan-23,3.2764,0.637
4-Jan-23,3.2751,0.6364
5-Jan-23,3.2843,0.6389
6-Jan-23,3.2681,0.6383
9-Jan-23,3.2816,0.6404
10-Jan-23,3.2825,0.645
11-Jan-23,3.2808,0.6445
12-Jan-23,3.2777,0.6442
13-Jan-23,3.2766,0.6423
16-Jan-23,3.282,0.6458
17-Jan-23,3.268,0.641
18-Jan-23,3.2735,0.6383
19-Jan-23,3.2675,0.6398
20-Jan-23,3.2509,0.6339
25-Jan-23,3.2366,0.6296
26-Jan-23,3.2369,0.6264
27-Jan-23,3.2225,0.6226
30-Jan-23,3.2246,0.6236
31-Jan-23,3.2299,0.6288
2-Feb-23,3.2406,0.627
3-Feb-23,3.2464,0.6322
7-Feb-23,3.2427,0.633
8-Feb-23,3.2405,0.6317
9-Feb-23,3.2414,0.6335
10-Feb-23,3.2597,0.6372
13-Feb-23,3.2574,0.6364
14-Feb-23,3.2733,0.637
15-Feb-23,3.2779,0.6378
16-Feb-23,3.3042,0.6444
17-Feb-23,3.3057,0.6445
20-Feb-23,3.3044,0.6435
21-Feb-23,3.3141,0.6461
22-Feb-23,3.3129,0.6455
23-Feb-23,3.3077,0.6432
24-Feb-23,3.3015,0.6414
27-Feb-23,3.2985,0.6398
28-Feb-23,3.3133,0.6427
1-Mar-23,3.3291,0.6482
2-Mar-23,3.3254,0.65
3-Mar-23,3.3205,0.6461
6-Mar-23,3.3229,0.6469
7-Mar-23,3.3229,0.6454
8-Mar-23,3.3267,0.6468
9-Mar-23,3.3378,0.6497
10-Mar-23,3.3402,0.6488
13-Mar-23,3.3412,0.6528
14-Mar-23,3.3264,0.655
15-Mar-23,3.3262,0.6512
16-Mar-23,3.3314,0.6514
17-Mar-23,3.3363,0.6513
20-Mar-23,3.3318,0.6482
21-Mar-23,3.3411,0.6497
22-Mar-23,3.3408,0.6487
23-Mar-23,3.3386,0.6445
24-Mar-23,3.3283,0.648
27-Mar-23,3.3218,0.6445
28-Mar-23,3.2965,0.6363
29-Mar-23,3.3087,0.6389
30-Mar-23,3.3221,0.6414
31-Mar-23,3.323,0.642
3-Apr-23,3.3163,0.6433
4-Apr-23,3.316,0.6398
5-Apr-23,3.3155,0.6387
6-Apr-23,3.3125,0.6397
7-Apr-23,3.3043,0.6396
10-Apr-23,3.3061,0.6408
11-Apr-23,3.3142,0.6414
12-Apr-23,3.3126,0.641
13-Apr-23,3.3135,0.6399
14-Apr-23,3.3089,0.6387
17-Apr-23,3.3103,0.6419
18-Apr-23,3.3188,0.6435
19-Apr-23,3.3233,0.6436
20-Apr-23,3.3169,0.643
25-Apr-23,3.3198,0.6416
26-Apr-23,3.3336,0.6433
27-Apr-23,3.3361,0.6432
28-Apr-23,3.3388,0.6436
2-May-23,3.3393,0.6456
2-May-23,3.3393,0.6456
3-May-23,3.3401,0.6447
5-May-23,3.3421,0.6421
8-May-23,3.3487,0.6425
9-May-23,3.3446,0.6416
10-May-23,3.3502,0.6423
11-May-23,3.3585,0.6413
12-May-23,3.3601,0.6436
15-May-23,3.3552,0.6455
16-May-23,3.361,0.6458
17-May-23,3.3669,0.6464
18-May-23,3.3693,0.6462
19-May-23,3.3702,0.6455
22-May-23,3.3728,0.6467
23-May-23,3.3767,0.6461
24-May-23,3.3994,0.649
25-May-23,3.4116,0.6525
26-May-23,3.4155,0.6536
29-May-23,3.4102,0.6529
30-May-23,3.4055,0.6513
31-May-23,3.4044,0.6496
1-Jun-23,3.4048,0.6476
2-Jun-23,3.411,0.6482
6-Jun-23,3.4047,0.6468
7-Jun-23,3.413,0.6461
8-Jun-23,3.4147,0.6459
9-Jun-23,3.4259,0.6469
12-Jun-23,3.434,0.6473
13-Jun-23,3.4355,0.6461
14-Jun-23,3.4398,0.6443
15-Jun-23,3.4424,0.6447
16-Jun-23,3.4475,0.6472
19-Jun-23,3.4468,0.6476
20-Jun-23,3.4539,0.6467
21-Jun-23,3.4576,0.6472
22-Jun-23,3.4636,0.6467
23-Jun-23,3.4652,0.6491
26-Jun-23,3.4556,0.6505
27-Jun-23,3.45,0.6454
28-Jun-23,3.4507,0.6449
30-Jun-23,3.453,0.6456
3-Jul-23,3.4439,0.6427
4-Jul-23,3.4528,0.6439
5-Jul-23,3.4418,0.6438
6-Jul-23,3.4436,0.6432
7-Jul-23,3.4466,0.6434
10-Jul-23,3.454,0.6446
11-Jul-23,3.4673,0.6443
12-Jul-23,3.4692,0.6444
13-Jul-23,3.4714,0.6443
14-Jul-23,3.436,0.6349
17-Jul-23,3.432,0.635
18-Jul-23,3.4329,0.6327
20-Jul-23,3.4385,0.6301
21-Jul-23,3.4296,0.6338
24-Jul-23,3.4318,0.6351
25-Jul-23,3.4302,0.6358
26-Jul-23,3.4304,0.6386
27-Jul-23,3.4138,0.6324
28-Jul-23,3.4149,0.6338
31-Jul-23,3.414,0.6357
1-Aug-23,3.3867,0.6307
2-Aug-23,3.3855,0.6301
3-Aug-23,3.3949,0.6336
4-Aug-23,3.3903,0.634
7-Aug-23,3.3906,0.6331
8-Aug-23,3.4004,0.6345
9-Aug-23,3.3998,0.6351
10-Aug-23,3.3935,0.6337
11-Aug-23,3.3904,0.6337
14-Aug-23,3.3953,0.6354
15-Aug-23,3.4108,0.6371
16-Aug-23,3.4138,0.637
17-Aug-23,3.4088,0.6357
18-Aug-23,3.4171,0.6359
21-Aug-23,3.423,0.6378
22-Aug-23,3.4235,0.6374
23-Aug-23,3.4298,0.6382
24-Aug-23,3.4304,0.6374
25-Aug-23,3.4284,0.639
28-Aug-23,3.4253,0.6367
29-Aug-23,3.4317,0.6379
30-Aug-23,3.4321,0.6365
1-Sep-23,3.4258,0.6379
4-Sep-23,3.4301,0.6396
5-Sep-23,3.4329,0.6397
6-Sep-23,3.4295,0.6396
7-Sep-23,3.4249,0.6388
8-Sep-23,3.4245,0.6373
11-Sep-23,3.4233,0.6358
12-Sep-23,3.43,0.6406
13-Sep-23,3.4305,0.6404
14-Sep-23,3.4383,0.6429
15-Sep-23,3.432,0.6434
18-Sep-23,3.4321,0.643
19-Sep-23,3.4377,0.643
20-Sep-23,3.4381,0.6431
21-Sep-23,3.4286,0.6435
22-Sep-23,3.4267,0.641
25-Sep-23,3.4293,0.6416
26-Sep-23,3.4267,0.6407
27-Sep-23,3.4304,0.6427
29-Sep-23,3.4338,0.6426
2-Oct-23,3.4352,0.6434
3-Oct-23,3.4362,0.6467
4-Oct-23,3.436,0.6464
5-Oct-23,3.445,0.6467
6-Oct-23,3.4493,0.6464
9-Oct-23,3.4519,0.6457
10-Oct-23,3.4618,0.6477
11-Oct-23,3.464,0.6469
12-Oct-23,3.4632,0.6465
13-Oct-23,3.4554,0.6474
16-Oct-23,3.4537,0.6477
17-Oct-23,3.4559,0.6468
18-Oct-23,3.4623,0.6482
19-Oct-23,3.4661,0.6508
20-Oct-23,3.4755,0.6528
23-Oct-23,3.4778,0.6526
24-Oct-23,3.5001,0.6539
25-Oct-23,3.4991,0.6545
26-Oct-23,3.4853,0.6539
27-Oct-23,3.4874,0.6529
30-Oct-23,3.4798,0.6516
31-Oct-23,3.4833,0.6502
1-Nov-23,3.4807,0.6519
2-Nov-23,3.48,0.6494
3-Nov-23,3.4781,0.6489
6-Nov-23,3.4558,0.6402
7-Nov-23,3.4401,0.6397
8-Nov-23,3.4401,0.6403
9-Nov-23,3.4559,0.6442
10-Nov-23,3.4713,0.6483
14-Nov-23,3.4596,0.6453
15-Nov-23,3.4474,0.6415
16-Nov-23,3.4686,0.6463
17-Nov-23,3.4751,0.6464
20-Nov-23,3.4803,0.6489
21-Nov-23,3.4749,0.6481
22-Nov-23,3.4825,0.6528
23-Nov-23,3.4881,0.6538
24-Nov-23,3.4893,0.654
27-Nov-23,3.4875,0.6538
28-Nov-23,3.496,0.6529
29-Nov-23,3.4905,0.6492
30-Nov-23,3.491,0.652
1-Dec-23,3.492,0.654
4-Dec-23,3.4915,0.6521
5-Dec-23,3.488,0.653
6-Dec-23,3.4855,0.6536
7-Dec-23,3.4804,0.6524
8-Dec-23,3.4886,0.6523
11-Dec-23,3.4844,0.6522
12-Dec-23,3.4795,0.6514
13-Dec-23,3.4868,0.652
14-Dec-23,3.499,0.6498
15-Dec-23,3.5144,0.6567
18-Dec-23,3.502,0.6553
19-Dec-23,3.5248,0.6581
20-Dec-23,3.5039,0.6531
21-Dec-23,3.4961,0.6521
22-Dec-23,3.4899,0.6485
26-Dec-23,3.4831,0.6464
27-Dec-23,3.498,0.6484
28-Dec-23,3.495,0.6457
29-Dec-23,3.4826,0.6463
2-Jan-24,3.477,0.6464
3-Jan-24,3.4826,0.6466
4-Jan-24,3.4913,0.6488
5-Jan-24,3.492,0.6485
8-Jan-24,3.4965,0.6509
9-Jan-24,3.4959,0.6491
10-Jan-24,3.492,0.6486
11-Jan-24,3.4829,0.6465
12-Jan-24,3.4874,0.6473
15-Jan-24,3.487,0.6479
16-Jan-24,3.5062,0.6532
17-Jan-24,3.5024,0.6538
18-Jan-24,3.5092,0.6552
19-Jan-24,3.509,0.655
22-Jan-24,3.516,0.6547
23-Jan-24,3.5279,0.6579
24-Jan-24,3.5242,0.6587
26-Jan-24,3.5302,0.6602
29-Jan-24,3.5235,0.6589
30-Jan-24,3.5282,0.6579
31-Jan-24,3.5272,0.6584
2-Feb-24,3.534,0.6582
5-Feb-24,3.5365,0.6613
6-Feb-24,3.5301,0.6605
7-Feb-24,3.5422,0.6619
8-Feb-24,3.5435,0.6615
9-Feb-24,3.5462,0.6643
13-Feb-24,3.5387,0.6619
14-Feb-24,3.5371,0.6644
15-Feb-24,3.546,0.6644
16-Feb-24,3.5472,0.664
19-Feb-24,3.5502,0.6637
20-Feb-24,3.5541,0.665
21-Feb-24,3.5696,0.6672
22-Feb-24,3.5661,0.6662
23-Feb-24,3.5552,0.6637
26-Feb-24,3.5498,0.6632
27-Feb-24,3.5525,0.6636
28-Feb-24,3.5405,0.6609
29-Feb-24,3.5378,0.6617
1-Mar-24,3.5191,0.6589
4-Mar-24,3.5144,0.6562
5-Mar-24,3.5147,0.656
6-Mar-24,3.5264,0.6582
7-Mar-24,3.5237,0.655
8-Mar-24,3.5137,0.651
11-Mar-24,3.5174,0.6515
12-Mar-24,3.5165,0.6513
13-Mar-24,3.513,0.6516
14-Mar-24,3.5145,0.6514
15-Mar-24,3.5133,0.6531
18-Mar-24,3.5198,0.6548
19-Mar-24,3.5247,0.6558
20-Mar-24,3.5255,0.6574
21-Mar-24,3.5158,0.6538
22-Mar-24,3.5214,0.6571
25-Mar-24,3.5086,0.6552
26-Mar-24,3.5045,0.6538
27-Mar-24,3.5111,0.6548
29-Mar-24,3.5064,0.655
1-Apr-24,3.5027,0.654
2-Apr-24,3.5063,0.6561
3-Apr-24,3.5119,0.6562
4-Apr-24,3.5138,0.6548
5-Apr-24,3.5128,0.6546
8-Apr-24,3.519,0.6566
9-Apr-24,3.5223,0.6566
12-Apr-24,3.5173,0.6577
15-Apr-24,3.505,0.6593
16-Apr-24,3.5063,0.6609
17-Apr-24,3.5089,0.6616
18-Apr-24,3.5173,0.661
19-Apr-24,3.5116,0.6613
22-Apr-24,3.5096,0.6607
23-Apr-24,3.5079,0.6593
24-Apr-24,3.5078,0.6587
25-Apr-24,3.5115,0.6601
26-Apr-24,3.513,0.6598
29-Apr-24,3.5024,0.6584
30-Apr-24,3.5036,0.6591
2-May-24,3.5023,0.6584
3-May-24,3.4976,0.6537
6-May-24,3.5049,0.6535
7-May-24,3.5061,0.6569
8-May-24,3.4961,0.6566
9-May-24,3.496,0.6563
10-May-24,3.4986,0.6555
13-May-24,3.4974,0.6558
14-May-24,3.4941,0.6539
15-May-24,3.4803,0.6505
16-May-24,3.4858,0.6482
17-May-24,3.4774,0.6487
20-May-24,3.4828,0.6484
21-May-24,3.4803,0.6482
23-May-24,3.4863,0.6504
24-May-24,3.4859,0.651
27-May-24,3.4879,0.6501
28-May-24,3.4761,0.6473
29-May-24,3.4796,0.6482
30-May-24,3.4851,0.6504
31-May-24,3.4802,0.6498
4-Jun-24,3.4824,0.6472
5-Jun-24,3.487,0.6486
6-Jun-24,3.4843,0.6475
7-Jun-24,3.4869,0.6477
10-Jun-24,3.4864,0.6507
11-Jun-24,3.4878,0.6512
12-Jun-24,3.4835,0.6501
13-Jun-24,3.4854,0.649
14-Jun-24,3.4842,0.6495
18-Jun-24,3.4835,0.6491
19-Jun-24,3.4813,0.6487
20-Jun-24,3.4843,0.6488
21-Jun-24,3.4807,0.6494
24-Jun-24,3.4764,0.6491
25-Jun-24,3.4787,0.6482
26-Jun-24,3.4738,0.6481
27-Jun-24,3.4724,0.6495
28-Jun-24,3.4701,0.6491
1-Jul-24,3.4782,0.6487
2-Jul-24,3.4739,0.6492
3-Jul-24,3.4721,0.648
4-Jul-24,3.4817,0.6478
5-Jul-24,3.4831,0.6474
9-Jul-24,3.4862,0.6475
10-Jul-24,3.4818,0.6469
11-Jul-24,3.4766,0.6446
12-Jul-24,3.4753,0.6433
15-Jul-24,3.4818,0.6448
16-Jul-24,3.4742,0.6432
17-Jul-24,3.4769,0.643
18-Jul-24,3.4769,0.6416
19-Jul-24,3.4762,0.6436
22-Jul-24,3.4828,0.6442
23-Jul-24,3.4777,0.6434
24-Jul-24,3.4715,0.6423
25-Jul-24,3.4727,0.6426
26-Jul-24,3.4708,0.6448
29-Jul-24,3.4595,0.6402
30-Jul-24,3.4497,0.6384
31-Jul-24,3.4389,0.6362
1-Aug-24,3.4172,0.6323
2-Aug-24,3.4059,0.6286
5-Aug-24,3.3374,0.618
6-Aug-24,3.361,0.6238
7-Aug-24,3.3736,0.6245
8-Aug-24,3.3753,0.6239
9-Aug-24,3.374,0.6235
12-Aug-24,3.3379,0.6166
13-Aug-24,3.3547,0.6195
14-Aug-24,3.3574,0.6181
15-Aug-24,3.3627,0.6205
16-Aug-24,3.3669,0.6201
19-Aug-24,3.3298,0.611
20-Aug-24,3.3344,0.6107
21-Aug-24,3.3453,0.6119
22-Aug-24,3.3464,0.6123
23-Aug-24,3.3476,0.6137
26-Aug-24,3.3392,0.6096
27-Aug-24,3.3374,0.6116
28-Aug-24,3.3341,0.6091
29-Aug-24,3.3249,0.6079
30-Aug-24,3.3121,0.6079
2-Sep-24,3.316,0.6106
3-Sep-24,3.3364,0.6132
4-Sep-24,3.3298,0.6115
5-Sep-24,3.3275,0.6097
6-Sep-24,3.3323,0.6104
9-Sep-24,3.3326,0.6128
10-Sep-24,3.3397,0.6136
11-Sep-24,3.3254,0.6095
12-Sep-24,3.3211,0.6087
13-Sep-24,3.3246,0.6069
17-Sep-24,3.3128,0.6053
18-Sep-24,3.2875,0.6002
19-Sep-24,3.2779,0.6013
20-Sep-24,3.2541,0.5949
23-Sep-24,3.2502,0.5949
24-Sep-24,3.2512,0.5953
25-Sep-24,3.2016,0.5841
26-Sep-24,3.2182,0.5894
27-Sep-24,3.2049,0.5873
30-Sep-24,3.2045,0.5852
1-Oct-24,3.2288,0.5912
2-Oct-24,3.2327,0.5934
3-Oct-24,3.2473,0.5983
4-Oct-24,3.2541,0.601
7-Oct-24,3.2646,0.607
8-Oct-24,3.2842,0.6096
9-Oct-24,3.2853,0.6067
10-Oct-24,3.2808,0.6056
11-Oct-24,3.2818,0.605
14-Oct-24,3.2813,0.6063
15-Oct-24,3.2836,0.6058
16-Oct-24,3.287,0.6047
17-Oct-24,3.2749,0.6035
18-Oct-24,3.2775,0.6046
21-Oct-24,3.2817,0.6055
22-Oct-24,3.2847,0.6074
23-Oct-24,3.2865,0.6081
24-Oct-24,3.2879,0.6097
25-Oct-24,3.2932,0.6101
28-Oct-24,3.289,0.6116
29-Oct-24,3.2918,0.6111
30-Oct-24,3.3006,0.6127
1-Nov-24,3.302,0.6128
4-Nov-24,3.3094,0.6135
5-Nov-24,3.3129,0.6158
6-Nov-24,3.297,0.6133
7-Nov-24,3.3111,0.6155
8-Nov-24,3.3182,0.614
11-Nov-24,3.3085,0.6119
12-Nov-24,3.3081,0.6114
13-Nov-24,3.3095,0.6131
14-Nov-24,3.3244,0.6179
15-Nov-24,3.3323,0.6205
18-Nov-24,3.3311,0.6172
19-Nov-24,3.3333,0.6169
20-Nov-24,3.3381,0.6167
21-Nov-24,3.3271,0.6166
22-Nov-24,3.3244,0.6182
25-Nov-24,3.3202,0.6155
26-Nov-24,3.3037,0.6167
27-Nov-24,3.3078,0.6143
28-Nov-24,3.3055,0.6123
29-Nov-24,3.3067,0.6123
2-Dec-24,3.3102,0.6137
3-Dec-24,3.3172,0.6141
4-Dec-24,3.3172,0.6132
5-Dec-24,3.2991,0.6099
6-Dec-24,3.3017,0.6091
9-Dec-24,3.2926,0.6075
10-Dec-24,3.2988,0.6093
11-Dec-24,3.2988,0.6103
12-Dec-24,3.2934,0.6093
13-Dec-24,3.2975,0.6109
16-Dec-24,3.2982,0.6112
17-Dec-24,3.2945,0.6102
18-Dec-24,3.3,0.6115
19-Dec-24,3.3049,0.6175
20-Dec-24,3.3084,0.6171
23-Dec-24,3.3181,0.6163
24-Dec-24,3.3034,0.6144
26-Dec-24,3.2879,0.612
27-Dec-24,3.2828,0.6114
30-Dec-24,3.2862,0.6115
31-Dec-24,3.2787,0.6106